Model,Accuracy,F1 Score
Bag of Words,0.8020833333333334,0.8077067667364962
TFIDF,0.8220833333333334,0.8284212218334597
Word2Vec,0.7683333333333333,0.7828927494201646
